,Item,Price,url
0,Men's Everyday Chappal,"Rs.1,499.00",https://www.servis.pk/collections/men
1,Men's Lightweight Sandal,"Rs.1,999.00",https://www.servis.pk/collections/men
2,Men's Everyday Chappal,"Rs.4,499.00",https://www.servis.pk/collections/men
3,Men's Everyday Chappal,"Rs.4,499.00",https://www.servis.pk/collections/men
4,Men's Stylish Sandals,"Rs.2,499.00",https://www.servis.pk/collections/men
5,Men's Everyday Chappal,"Rs.3,999.00",https://www.servis.pk/collections/men
6,Men's Everyday Chappal,"Rs.3,999.00",https://www.servis.pk/collections/men
7,Men's Breathable Chappal,"Rs.4,199.00",https://www.servis.pk/collections/men
8,Men's Breathable Chappal,"Rs.4,199.00",https://www.servis.pk/collections/men
9,Men's Ultra Soft Sandals,"Rs.3,499.00",https://www.servis.pk/collections/men
10,Men's lace-up shoes,"Rs.13,999.00",https://www.servis.pk/collections/men
11,Comfortable Sandals For Men,"Rs.7,999.00",https://www.servis.pk/collections/men
12,Comfortable Sandals For Men,"Rs.6,999.00",https://www.servis.pk/collections/men
13,Comfortable Sandals For Men,"Rs.6,999.00",https://www.servis.pk/collections/men
14,Men's Comfortable Chappal,"Rs.7,499.00",https://www.servis.pk/collections/men
15,Men's Comfortable Chappal,"Rs.7,499.00",https://www.servis.pk/collections/men
16,Men's Comfortable Flats,"Rs.6,499.00",https://www.servis.pk/collections/men
17,Men's Comfortable Flats,"Rs.6,499.00",https://www.servis.pk/collections/men
18,Men's Comfortable Flats,"Rs.6,499.00",https://www.servis.pk/collections/men
19,Men's Comfortable Flats,"Rs.6,499.00",https://www.servis.pk/collections/men
20,Men Moccs,"Rs.7,999.00",https://www.servis.pk/collections/men
21,Men Moccs,"Rs.7,999.00",https://www.servis.pk/collections/men
22,Formal Shoes,"Rs.13,999.00",https://www.servis.pk/collections/men
23,Formal Shoes,"Rs.13,999.00",https://www.servis.pk/collections/men
24,Formal Shoes,"Rs.13,999.00",https://www.servis.pk/collections/men
25,Formal Shoes,"Rs.13,999.00",https://www.servis.pk/collections/men
26,Formal Shoes,"Rs.8,999.00",https://www.servis.pk/collections/men
27,Formal Shoes,"Rs.8,999.00",https://www.servis.pk/collections/men
28,Men Moccs,"Rs.7,499.00",https://www.servis.pk/collections/men
29,Men Moccs,"Rs.7,499.00",https://www.servis.pk/collections/men
30,Men Moccs,"Rs.7,499.00",https://www.servis.pk/collections/men
31,Men Moccs,"Rs.7,499.00",https://www.servis.pk/collections/men
32,Men Moccs,"Rs.7,499.00",https://www.servis.pk/collections/men
33,Men Moccs,"Rs.7,499.00",https://www.servis.pk/collections/men
34,Men's Stylish Sandals,"Rs.2,499.00",https://www.servis.pk/collections/men
35,Men's Strapped Sandals,"Rs.4,499.00",https://www.servis.pk/collections/men
36,Men's Strapped Sandals,"Rs.4,499.00",https://www.servis.pk/collections/men
37,Men's Strapped Chappal,"Rs.3,499.00",https://www.servis.pk/collections/men
38,Men's Stylish Chappal,"Rs.3,499.00",https://www.servis.pk/collections/men
39,Men's Stylish Chappal,"Rs.3,499.00",https://www.servis.pk/collections/men
40,Men's Slingback Sandals,"Rs.2,499.00",https://www.servis.pk/collections/men
41,Men's Peshawari Chappal,"Rs.2,499.00",https://www.servis.pk/collections/men
42,Men's Peshawari Chappal,"Rs.2,499.00",https://www.servis.pk/collections/men
43,Men Trendy Sandals,"Rs.1,699.00",https://www.servis.pk/collections/men
44,Men's Relaxed Fit Chappal,"Rs.1,999.00",https://www.servis.pk/collections/men
45,Men's Relaxed Fit Chappal,"Rs.1,999.00",https://www.servis.pk/collections/men
46,Men's Comfy Chappal,"Rs.2,199.00",https://www.servis.pk/collections/men
47,Men's All day Wear Chappal,"Rs.2,199.00",https://www.servis.pk/collections/men
48,Men's Smart Casual Flats,"Rs.1,999.00",https://www.servis.pk/collections/men
49,Men's Smart Casual Flats,"Rs.3,499.00",https://www.servis.pk/collections/men
50,Men's Comfy Chappal,"Rs.1,999.00",https://www.servis.pk/collections/men
51,Effortless Men's Chappal,"Rs.1,799.00",https://www.servis.pk/collections/men
52,Men's Peshawari Sandals,"Rs.4,999.00",https://www.servis.pk/collections/men
53,Men's Comfy Sandals,"Rs.4,499.00",https://www.servis.pk/collections/men
54,M-CH-0300008,"Rs.4,499.00",https://www.servis.pk/collections/men
55,M-CH-0300008,"Rs.4,499.00",https://www.servis.pk/collections/men
56,M-CH-0100336,"Rs.9,999.00",https://www.servis.pk/collections/men
57,M-CH-0100336,"Rs.9,999.00",https://www.servis.pk/collections/men
58,M-CH-0100335,"Rs.9,999.00",https://www.servis.pk/collections/men
59,M-CH-0100335,"Rs.9,999.00",https://www.servis.pk/collections/men
60,M-CH-0100334,"Rs.9,999.00",https://www.servis.pk/collections/men
61,M-CH-0100334,"Rs.9,999.00",https://www.servis.pk/collections/men
62,M-CH-0100333,"Rs.11,999.00",https://www.servis.pk/collections/men
63,M-CH-0100333,"Rs.11,999.00",https://www.servis.pk/collections/men
64,M-CH-0100331,"Rs.12,999.00",https://www.servis.pk/collections/men
65,M-CH-0100331,"Rs.12,999.00",https://www.servis.pk/collections/men
66,Men's Trendy Slip on Sneakers,"Rs.3,499.00",https://www.servis.pk/collections/men
67,Men's Everyday Chappals,"Rs.1,499.00",https://www.servis.pk/collections/men
68,Men's Everyday Chappal,"Rs.1,799.00",https://www.servis.pk/collections/men
69,Men's Everyday Chappals,"Rs.1,799.00",https://www.servis.pk/collections/men
70,Men's Lightweight Sandals,"Rs.1,999.00",https://www.servis.pk/collections/men
71,Men's Slingback Sandals,"Rs.2,499.00",https://www.servis.pk/collections/men
72,Men's Slingback Sandals,"Rs.2,499.00",https://www.servis.pk/collections/men
73,Men's Comfy Sandals,"Rs.3,499.00",https://www.servis.pk/collections/men
74,Men's Comfy Sandals,"Rs.3,499.00",https://www.servis.pk/collections/men
75,Men Slingback Sandals,"Rs.3,499.00",https://www.servis.pk/collections/men
76,Strapped Sandals For Men,"Rs.2,699.00",https://www.servis.pk/collections/men
77,Strapped Sandals for Men,"Rs.2,699.00",https://www.servis.pk/collections/men
78,Men's Summer Sandals,"Rs.3,699.00",https://www.servis.pk/collections/men
79,Men's Sling Back Sandals,"Rs.1,999.00",https://www.servis.pk/collections/men
80,Men's Peshawari Sandals,"Rs.2,499.00",https://www.servis.pk/collections/men
81,Men's Peshawari Chappal,"Rs.1,999.00",https://www.servis.pk/collections/men
82,Men's Stylish Sandals,"Rs.1,999.00",https://www.servis.pk/collections/men
83,Men's Peshawari Chappal,"Rs.2,799.00",https://www.servis.pk/collections/men
84,Men's Peshawari Sandals,"Rs.2,799.00",https://www.servis.pk/collections/men
85,Men's Peshawari Sandals,"Rs.2,299.00",https://www.servis.pk/collections/men
86,Men's Classic Chappals,"Rs.1,399.00",https://www.servis.pk/collections/men
87,Men's Classic Chappals,"Rs.1,399.00",https://www.servis.pk/collections/men
88,Men's All-day Chappals,"Rs.1,399.00",https://www.servis.pk/collections/men
89,Men's Smart Casual Flats,"Rs.1,999.00",https://www.servis.pk/collections/men
90,Men's Smart Casual Flats,"Rs.3,499.00",https://www.servis.pk/collections/men
91,Men's Daily Wear Chappal,"Rs.3,499.00",https://www.servis.pk/collections/men
92,Men's All Day Chappals,"Rs.2,999.00",https://www.servis.pk/collections/men
93,Men's Classic Chappal,"Rs.2,999.00",https://www.servis.pk/collections/men
94,Men's Everyday Chappal,"Rs.1,799.00",https://www.servis.pk/collections/men
95,Men's Casual Wear Chappal,"Rs.1,899.00",https://www.servis.pk/collections/men
96,Men's Summer Chappal,"Rs.1,499.00",https://www.servis.pk/collections/men
97,Men's Daily Wear Chappal,"Rs.2,999.00",https://www.servis.pk/collections/men
98,Men's Formal Chappals,"Rs.1,499.00",https://www.servis.pk/collections/men
99,Men's Comfy Chappal,"Rs.1,999.00",https://www.servis.pk/collections/men
100,Men's Longwear Chappal,"Rs.1,499.00",https://www.servis.pk/collections/men
101,Men's Casual Chappals,"Rs.5,499.00",https://www.servis.pk/collections/men
102,Men's Casual Chappals,"Rs.5,499.00",https://www.servis.pk/collections/men
103,Men's Everyday Chappals,"Rs.5,499.00",https://www.servis.pk/collections/men
104,Men's Everyday Chappals,"Rs.5,499.00",https://www.servis.pk/collections/men
105,Men's Ultra Soft Sandals,"Rs.3,499.00",https://www.servis.pk/collections/men
106,Men's Strapped Sandals,"Rs.4,499.00",https://www.servis.pk/collections/men
107,Men's Casual Wear Chappal,"Rs.3,299.00",https://www.servis.pk/collections/men
108,Men's Toe Ring Chappal,"Rs.4,299.00",https://www.servis.pk/collections/men
109,Men's Cool Summer Chappal,"Rs.4,299.00",https://www.servis.pk/collections/men
110,Men's Cool Summer Chappals,"Rs.4,299.00",https://www.servis.pk/collections/men
111,Men Casual Sandals,"Rs.4,999.00",https://www.servis.pk/collections/men
112,Men Casual Sandals,"Rs.4,999.00",https://www.servis.pk/collections/men
113,Men Casual Sandals,"Rs.4,999.00",https://www.servis.pk/collections/men
114,Men's Trendy Sandals,"Rs.3,999.00",https://www.servis.pk/collections/men
115,Men's Strapped Sandals,"Rs.3,999.00",https://www.servis.pk/collections/men
116,M-CH-0400004,"Rs.4,499.00",https://www.servis.pk/collections/men
117,M-CH-0400004,"Rs.4,499.00",https://www.servis.pk/collections/men
118,Men's Comfy Sandals,"Rs.4,499.00",https://www.servis.pk/collections/men
119,Men's Everday Chappal,"Rs.3,499.00",https://www.servis.pk/collections/men
120,Men's Summer Chappal,"Rs.1,499.00",https://www.servis.pk/collections/men
121,Men's Summer Chappal,"Rs.1,499.00",https://www.servis.pk/collections/men
122,Men's Basic Slides,"Rs.1,799.00",https://www.servis.pk/collections/men
123,Men's Basic Slides,"Rs.1,799.00",https://www.servis.pk/collections/men
124,Men's Everyday Chappal,"Rs.1,199.00",https://www.servis.pk/collections/men
125,Men's Everyday Chappal,"Rs.1,199.00",https://www.servis.pk/collections/men
126,Men's Summer Sandals,"Rs.3,699.00",https://www.servis.pk/collections/men
127,Men's Casual Sandals,"Rs.3,499.00",https://www.servis.pk/collections/men
128,Men's Casual Sandals,"Rs.3,499.00",https://www.servis.pk/collections/men
129,Men's Peshawari Sandals,"Rs.2,299.00",https://www.servis.pk/collections/men
130,Men's Peshawari Sandals,"Rs.2,299.00",https://www.servis.pk/collections/men
131,Men's Classic Sandals,"Rs.1,999.00",https://www.servis.pk/collections/men
132,Men's Everyday Sandals,"Rs.1,999.00",https://www.servis.pk/collections/men
133,Men's Strapped Sandals,"Rs.1,999.00",https://www.servis.pk/collections/men
134,Men's Strapped Sandals,"Rs.1,999.00",https://www.servis.pk/collections/men
135,Men's Stylish Sandals,"Rs.1,999.00",https://www.servis.pk/collections/men
136,Men Trendy Sandals,"Rs.1,699.00",https://www.servis.pk/collections/men
137,Men's All-day Chappal,"Rs.1,399.00",https://www.servis.pk/collections/men
138,Men's Comfy Chappal,"Rs.2,199.00",https://www.servis.pk/collections/men
139,Men's All day Wear Chappal,"Rs.2,199.00",https://www.servis.pk/collections/men
140,Men's Daily Wear Chappal,"Rs.1,499.00",https://www.servis.pk/collections/men
141,Men's Daily Wear Chappal,"Rs.1,499.00",https://www.servis.pk/collections/men
142,Men's Everyday Chappal,"Rs.1,799.00",https://www.servis.pk/collections/men
143,Men's Everyday Chappal,"Rs.1,799.00",https://www.servis.pk/collections/men
144,Men's Everyday Chappal,"Rs.1,799.00",https://www.servis.pk/collections/men
145,Men's Breathable Chappal,"Rs.1,899.00",https://www.servis.pk/collections/men
146,Men's Daily Wear Chappal,"Rs.2,999.00",https://www.servis.pk/collections/men
147,Men's Formal Chappal,"Rs.1,799.00",https://www.servis.pk/collections/men
148,Men's Formal Chappal,"Rs.1,799.00",https://www.servis.pk/collections/men
149,Men's Summer Slides,"Rs.1,699.00",https://www.servis.pk/collections/men
150,Men's Summer Slides,"Rs.1,699.00",https://www.servis.pk/collections/men
151,Men's Peshawari Sandals,"Rs.5,499.00",https://www.servis.pk/collections/men
152,Men's Peshawari Sandals,"Rs.5,499.00",https://www.servis.pk/collections/men
153,Peshawari Sandals For Men,"Rs.4,999.00",https://www.servis.pk/collections/men
154,Men's Casual Wear Chappal,"Rs.3,299.00",https://www.servis.pk/collections/men
155,Men's Everday Chappal,"Rs.3,499.00",https://www.servis.pk/collections/men
156,Men Formal Shoes,"Rs.8,999.00",https://www.servis.pk/collections/men
157,Men Formal Shoes,"Rs.8,999.00",https://www.servis.pk/collections/men
158,Men Formal Shoes,"Rs.14,999.00",https://www.servis.pk/collections/men
159,Men Formal Shoes,"Rs.14,999.00",https://www.servis.pk/collections/men
160,Men Formal Shoes,"Rs.14,999.00",https://www.servis.pk/collections/men
161,Men Formal Shoes,"Rs.14,999.00",https://www.servis.pk/collections/men
162,Men Formal Shoes,"Rs.14,999.00",https://www.servis.pk/collections/men
163,Men Formal Shoes,"Rs.14,999.00",https://www.servis.pk/collections/men
164,Men Formal Shoes,"Rs.6,999.00",https://www.servis.pk/collections/men
165,Men Formal Shoes,"Rs.6,999.00",https://www.servis.pk/collections/men
166,Men Slingback Sandals,"Rs.3,499.00",https://www.servis.pk/collections/men
167,Men's Trendy Sandals,"Rs.1,799.00",https://www.servis.pk/collections/men
168,Men's Trendy Sandals,"Rs.1,799.00",https://www.servis.pk/collections/men
169,Men's Peshawari Sandals,"Rs.2,999.00",https://www.servis.pk/collections/men
170,Men's Peshawari Sandals,"Rs.2,999.00",https://www.servis.pk/collections/men
171,Men's Classic Fit Sandals,"Rs.1,999.00",https://www.servis.pk/collections/men
172,Men's Classic Fit Sandals,"Rs.1,999.00",https://www.servis.pk/collections/men
173,Men's Daily Wear Chappal,"Rs.1,999.00",https://www.servis.pk/collections/men
174,Men's Daily Wear Chappal,"Rs.1,999.00",https://www.servis.pk/collections/men
175,Men's Daily Wear Chappal,"Rs.3,499.00",https://www.servis.pk/collections/men
176,Men's Everyday Chappal,"Rs.2,799.00",https://www.servis.pk/collections/men
177,Men's Everyday Chappal,"Rs.2,799.00",https://www.servis.pk/collections/men
178,Men's Relaxed Fit Chappal,"Rs.2,999.00",https://www.servis.pk/collections/men
179,Men's Relaxed Fit Chappal,"Rs.2,999.00",https://www.servis.pk/collections/men
180,Men's Casual Wear Chappal,"Rs.1,899.00",https://www.servis.pk/collections/men
181,Men's Breathable Chappal,"Rs.1,899.00",https://www.servis.pk/collections/men
182,Men's Summer Chappal,"Rs.1,499.00",https://www.servis.pk/collections/men
183,Men's Formal Chappal,"Rs.1,499.00",https://www.servis.pk/collections/men
184,Effortless Men's Chappal,"Rs.1,799.00",https://www.servis.pk/collections/men
185,Men's Longwear Chappal,"Rs.1,499.00",https://www.servis.pk/collections/men
186,Men's Smart Casual Chappal,"Rs.4,499.00",https://www.servis.pk/collections/men
187,Men's Smart Casual Chappal,"Rs.4,499.00",https://www.servis.pk/collections/men
188,Men's Effortless Chappal,"Rs.4,499.00",https://www.servis.pk/collections/men
189,Men's Effortless Chappal,"Rs.4,499.00",https://www.servis.pk/collections/men
190,Men's Strapped Sandals,"Rs.4,499.00",https://www.servis.pk/collections/men
191,Men's Toe Ring Chappal,"Rs.4,299.00",https://www.servis.pk/collections/men
192,Men Moccs,"Rs.8,999.00",https://www.servis.pk/collections/men
193,Men Moccs,"Rs.8,999.00",https://www.servis.pk/collections/men
194,Men Formal Shoes,"Rs.12,999.00",https://www.servis.pk/collections/men
195,Sandals For Men,"Rs.3,999.00",https://www.servis.pk/collections/men
196,Sandals For Men,"Rs.3,999.00",https://www.servis.pk/collections/men
197,Men's Trendy Sandals,"Rs.3,999.00",https://www.servis.pk/collections/men
198,Men's Smart Sandals,"Rs.3,999.00",https://www.servis.pk/collections/men
199,Men's Strapped Chappal,"Rs.3,499.00",https://www.servis.pk/collections/men
200,Men's Strapped Chappal,"Rs.3,499.00",https://www.servis.pk/collections/men
201,Men's Basic Slides,"Rs.3,499.00",https://www.servis.pk/collections/men
202,Men's Basic Slides,"Rs.3,499.00",https://www.servis.pk/collections/men
203,M-DC-0200092,"Rs.8,999.00",https://www.servis.pk/collections/men
204,M-DC-0200092,"Rs.8,999.00",https://www.servis.pk/collections/men
205,M-DC-0200091,"Rs.8,999.00",https://www.servis.pk/collections/men
206,M-DC-0200091,"Rs.8,999.00",https://www.servis.pk/collections/men
207,M-DC-0200090,"Rs.6,499.00",https://www.servis.pk/collections/men
208,M-DC-0200090,"Rs.6,499.00",https://www.servis.pk/collections/men
209,M-DC-0200089,"Rs.6,499.00",https://www.servis.pk/collections/men
210,M-DC-0200089,"Rs.6,499.00",https://www.servis.pk/collections/men
211,M-DC-0200087,"Rs.7,499.00",https://www.servis.pk/collections/men
212,M-DC-0200087,"Rs.7,499.00",https://www.servis.pk/collections/men
213,M-DC-0200086,"Rs.6,999.00",https://www.servis.pk/collections/men
214,M-DC-0200086,"Rs.6,999.00",https://www.servis.pk/collections/men
215,M-DC-0200085,"Rs.7,499.00",https://www.servis.pk/collections/men
216,Men's Everyday Sandals,"Rs.4,499.00",https://www.servis.pk/collections/men
217,Men's Everyday Sandals,"Rs.4,499.00",https://www.servis.pk/collections/men
218,Men's Everyday Sandals,"Rs.1,999.00",https://www.servis.pk/collections/men
219,Men's Peshawari Sandals,"Rs.2,499.00",https://www.servis.pk/collections/men
220,Men's Peshawari Sandals,"Rs.1,999.00",https://www.servis.pk/collections/men
221,Men's Casual Chappal,"Rs.1,499.00",https://www.servis.pk/collections/men
222,Men's Casual Chappal,"Rs.1,499.00",https://www.servis.pk/collections/men
223,Men's Everyday Chappal,"Rs.1,299.00",https://www.servis.pk/collections/men
224,Men's Everyday Chappal,"Rs.1,299.00",https://www.servis.pk/collections/men
225,Men's Durable Chappal,"Rs.3,999.00",https://www.servis.pk/collections/men
226,Men's Durable Chappal,"Rs.3,999.00",https://www.servis.pk/collections/men
227,Men's Durable Chappal,"Rs.3,999.00",https://www.servis.pk/collections/men
228,Men's Durable Chappal,"Rs.3,999.00",https://www.servis.pk/collections/men
229,Effortless Men's Chappal,"Rs.2,999.00",https://www.servis.pk/collections/men
230,Effortless Men's Chappal,"Rs.2,999.00",https://www.servis.pk/collections/men
231,Men's Peshawari Sandals,"Rs.4,999.00",https://www.servis.pk/collections/men
232,Men's Peshawari Sandals,"Rs.3,900.00",https://www.servis.pk/collections/men
233,Men's Peshawari Sandals,"Rs.3,900.00",https://www.servis.pk/collections/men
234,Basic Casual Shoes for Men,"Rs.9,999.00",https://www.servis.pk/collections/men
235,Basic Casual Shoes for Men,"Rs.9,999.00",https://www.servis.pk/collections/men
236,Trendy Casual Shoes for Men,"Rs.9,999.00",https://www.servis.pk/collections/men
237,Trendy Casual Shoes for Men,"Rs.9,999.00",https://www.servis.pk/collections/men
238,Everyday Men's Moccs,"Rs.8,499.00",https://www.servis.pk/collections/men
239,Everyday Men's Moccs,"Rs.8,499.00",https://www.servis.pk/collections/men
240,Everyday Men's Moccs,"Rs.6,999.00",https://www.servis.pk/collections/men
241,Everyday Men's Moccs,"Rs.6,999.00",https://www.servis.pk/collections/men
242,Men's casual moccs,"Rs.7,999.00",https://www.servis.pk/collections/men
243,Men's casual moccs,"Rs.7,999.00",https://www.servis.pk/collections/men
244,Men's Sporty Sneakers,"Rs.5,999.00",https://www.servis.pk/collections/men
245,Men's Stylish Sneakers,"Rs.7,499.00",https://www.servis.pk/collections/men
246,Men's Trendy Slip on Sneakers,"Rs.3,499.00",https://www.servis.pk/collections/men
247,Men's trendy sneakers,"Rs.4,999.00",https://www.servis.pk/collections/men
248,Men's trendy sneakers,"Rs.4,999.00",https://www.servis.pk/collections/men
249,Men's Casual Slip-On,"Rs.3,499.00",https://www.servis.pk/collections/men
250,Men's Casual Slip-On,"Rs.3,499.00",https://www.servis.pk/collections/men
251,Men's Casual Moccs,"Rs.3,499.00",https://www.servis.pk/collections/men
252,Men's Casual Moccs,"Rs.3,499.00",https://www.servis.pk/collections/men
253,Men's All-day Sneakers,"Rs.7,499.00",https://www.servis.pk/collections/men
254,Men's Smart Sporty Sneakers,"Rs.4,499.00",https://www.servis.pk/collections/men
255,Everyday casual moccs,"Rs.5,499.00",https://www.servis.pk/collections/men
256,Everyday casual moccs,"Rs.5,499.00",https://www.servis.pk/collections/men
257,Men's casual moccs,"Rs.2,999.00",https://www.servis.pk/collections/men
258,Men's casual moccs,"Rs.2,999.00",https://www.servis.pk/collections/men
259,Men's casual moccs,"Rs.2,999.00",https://www.servis.pk/collections/men
260,Men's formal slip-on,"Rs.13,999.00",https://www.servis.pk/collections/men
261,Men's formal slip-on,"Rs.13,999.00",https://www.servis.pk/collections/men
262,Men's formal slip-on,"Rs.12,999.00",https://www.servis.pk/collections/men
263,Men's formal slip-on,"Rs.12,999.00",https://www.servis.pk/collections/men
264,Stylish men's slip-on,"Rs.13,999.00",https://www.servis.pk/collections/men
265,Stylish men's slip-on,"Rs.13,999.00",https://www.servis.pk/collections/men
266,Casual slip-on for men,"Rs.13,999.00",https://www.servis.pk/collections/men
267,Casual slip-on for men,"Rs.13,999.00",https://www.servis.pk/collections/men
268,Casual slip-on for men,"Rs.13,999.00",https://www.servis.pk/collections/men
269,Casual slip-on for men,"Rs.13,999.00",https://www.servis.pk/collections/men
270,Stylish men's slip-on,"Rs.13,999.00",https://www.servis.pk/collections/men
271,Stylish men's slip-on,"Rs.13,999.00",https://www.servis.pk/collections/men
272,Men's fasionable moccs,"Rs.7,999.00",https://www.servis.pk/collections/men
273,Men's Trendy Slip on Sneakers,"Rs.3,199.00",https://www.servis.pk/collections/men
274,Men's All-day Sneakers,"Rs.7,499.00",https://www.servis.pk/collections/men
275,Men's Stylish Sneakers,"Rs.7,499.00",https://www.servis.pk/collections/men
276,Everyday sneakers for Men,"Rs.4,499.00",https://www.servis.pk/collections/men
277,Men's Trendy Slip on Sneakers,"Rs.3,199.00",https://www.servis.pk/collections/men
278,Men's Trendy Slip on Sneakers,"Rs.3,199.00",https://www.servis.pk/collections/men
279,Men's Trendy Slip on Sneakers,"Rs.3,199.00",https://www.servis.pk/collections/men
280,Men's classic sneakers,"Rs.10,999.00",https://www.servis.pk/collections/men
281,Men's classic sneakers,"Rs.10,999.00",https://www.servis.pk/collections/men
282,Everyday sneakers for Men,"Rs.4,499.00",https://www.servis.pk/collections/men
283,Men's Slip-on Sneakers,"Rs.2,799.00",https://www.servis.pk/collections/men
284,Men's Slip-on Sneakers,"Rs.2,799.00",https://www.servis.pk/collections/men
285,Men's everday sneakers,"Rs.4,499.00",https://www.servis.pk/collections/men
286,Men's everday sneakers,"Rs.4,499.00",https://www.servis.pk/collections/men
287,Men's running sneakers,"Rs.4,499.00",https://www.servis.pk/collections/men
288,Men's running sneakers,"Rs.4,499.00",https://www.servis.pk/collections/men
289,Youth Stylish Sneakers,"Rs.3,699.00",https://www.servis.pk/collections/men
290,Basic casual shoes for men,"Rs.6,999.00",https://www.servis.pk/collections/men
291,Formal lace-up shoes for Men,"Rs.2,999.00",https://www.servis.pk/collections/men
292,Men's casual moccs,"Rs.2,999.00",https://www.servis.pk/collections/men
293,Men's fasionable moccs,"Rs.7,999.00",https://www.servis.pk/collections/men
294,Men's smart casual moccs,"Rs.7,499.00",https://www.servis.pk/collections/men
295,Men's smart casual moccs,"Rs.7,499.00",https://www.servis.pk/collections/men
296,Men's Smart Athletic Sneakers,"Rs.5,499.00",https://www.servis.pk/collections/men
297,Men's Smart Athletic Sneakers,"Rs.5,499.00",https://www.servis.pk/collections/men
298,Men's everyday moccs,"Rs.3,999.00",https://www.servis.pk/collections/men
299,Formal lace-up shoes for Men,"Rs.2,999.00",https://www.servis.pk/collections/men
300,Men's Formal Slip-On,"Rs.2,999.00",https://www.servis.pk/collections/men
301,Fashionable Moccs for Men,"Rs.2,499.00",https://www.servis.pk/collections/men
302,Formal lace-up shoes for Men,"Rs.3,499.00",https://www.servis.pk/collections/men
303,Men's fasionable moccs,"Rs.7,999.00",https://www.servis.pk/collections/men
304,leather slip-on for Men,"Rs.8,499.00",https://www.servis.pk/collections/men
305,Men's leather dress slip-on,"Rs.7,999.00",https://www.servis.pk/collections/men
306,Men's leather dress slip-on,"Rs.7,999.00",https://www.servis.pk/collections/men
307,Bluckle styled Men's moccs,"Rs.3,499.00",https://www.servis.pk/collections/men
308,Bluckle styled Men's moccs,"Rs.3,499.00",https://www.servis.pk/collections/men
309,Buckled slip-on for Men,"Rs.3,999.00",https://www.servis.pk/collections/men
310,Buckled slip-on for Men,"Rs.3,999.00",https://www.servis.pk/collections/men
311,Men's lace-up shoes,"Rs.13,999.00",https://www.servis.pk/collections/men
312,Everyday Men's slip-on,"Rs.13,999.00",https://www.servis.pk/collections/men
313,Leather Slip-on for Men,"Rs.8,499.00",https://www.servis.pk/collections/men
314,Leather Slip-on for Men,"Rs.8,499.00",https://www.servis.pk/collections/men
315,leather slip-on for Men,"Rs.8,499.00",https://www.servis.pk/collections/men
316,Men's everyday moccs,"Rs.4,499.00",https://www.servis.pk/collections/men
317,Men's everyday moccs,"Rs.4,499.00",https://www.servis.pk/collections/men
318,Men's Leather Dress Slip-on,"Rs.7,999.00",https://www.servis.pk/collections/men
319,Men's formal lace-up shoes,"Rs.2,499.00",https://www.servis.pk/collections/men
320,Men's formal lace-up shoes,"Rs.2,499.00",https://www.servis.pk/collections/men
321,Men's side buckle moccs,"Rs.3,499.00",https://www.servis.pk/collections/men
322,Men's side buckle moccs,"Rs.3,499.00",https://www.servis.pk/collections/men
323,Basic eveyday men's moccs,"Rs.3,499.00",https://www.servis.pk/collections/men
324,Basic eveyday men's moccs,"Rs.3,499.00",https://www.servis.pk/collections/men
325,Classic Moocs for men,"Rs.3,499.00",https://www.servis.pk/collections/men
326,Classic Moocs for men,"Rs.3,499.00",https://www.servis.pk/collections/men
327,Men's stylish slip-on,"Rs.3,999.00",https://www.servis.pk/collections/men
328,All-day wear moccs for Men,"Rs.2,999.00",https://www.servis.pk/collections/men
329,All-day wear moccs for Men,"Rs.2,999.00",https://www.servis.pk/collections/men
330,All-day wear moccs for Men,"Rs.2,999.00",https://www.servis.pk/collections/men
331,All-day wear moccs for Men,"Rs.2,999.00",https://www.servis.pk/collections/men
332,Men's Elegant moccs,"Rs.4,499.00",https://www.servis.pk/collections/men
333,Men's stylish sneakers,"Rs.11,999.00",https://www.servis.pk/collections/men
334,Men's running sneakers,"Rs.11,999.00",https://www.servis.pk/collections/men
335,Men's stylish sneakers,"Rs.10,999.00",https://www.servis.pk/collections/men
336,Dress sneakers for men,"Rs.8,999.00",https://www.servis.pk/collections/men
337,Dress sneakers for men,"Rs.8,999.00",https://www.servis.pk/collections/men
338,Men's trendy sneakers,"Rs.8,999.00",https://www.servis.pk/collections/men
339,Men's trendy sneakers,"Rs.8,999.00",https://www.servis.pk/collections/men
340,Men's athletic sneakers,"Rs.10,999.00",https://www.servis.pk/collections/men
341,Men's smart sneakers,"Rs.10,999.00",https://www.servis.pk/collections/men
342,Men's smart sneakers,"Rs.10,999.00",https://www.servis.pk/collections/men
343,Men's sports sneakers,"Rs.10,999.00",https://www.servis.pk/collections/men
344,Men's sports sneakers,"Rs.10,999.00",https://www.servis.pk/collections/men
345,Men's dailywear sneakers,"Rs.3,699.00",https://www.servis.pk/collections/men
346,Men's stylish sneakers,"Rs.11,999.00",https://www.servis.pk/collections/men
347,Men's stylish sneakers,"Rs.10,999.00",https://www.servis.pk/collections/men
348,Men's athletic sneakers,"Rs.10,999.00",https://www.servis.pk/collections/men
349,Men's Everyday Sneakers,"Rs.4,999.00",https://www.servis.pk/collections/men
350,Men's Everyday Sneakers,"Rs.4,999.00",https://www.servis.pk/collections/men
351,Men's Elegant Moccs,"Rs.4,499.00",https://www.servis.pk/collections/men
352,Men's Elegant Moccs,"Rs.4,499.00",https://www.servis.pk/collections/men
353,Men's Comfy Moccs,"Rs.4,499.00",https://www.servis.pk/collections/men
354,Men's Comfy Moccs,"Rs.4,499.00",https://www.servis.pk/collections/men
355,Casual Shoes For Men,"Rs.5,999.00",https://www.servis.pk/collections/men
356,Casual Shoes For Men,"Rs.5,999.00",https://www.servis.pk/collections/men
357,Men's everyday Casual Shoes,"Rs.4,999.00",https://www.servis.pk/collections/men
358,Men's Everyday Moccs,"Rs.3,999.00",https://www.servis.pk/collections/men
359,Buckled Slip-on for Men,"Rs.3,999.00",https://www.servis.pk/collections/men
360,Buckled Slip-on for Men,"Rs.3,999.00",https://www.servis.pk/collections/men
361,Men's Basic Slip-on,"Rs.7,999.00",https://www.servis.pk/collections/men
362,Men's Basic Slip-on,"Rs.7,999.00",https://www.servis.pk/collections/men
363,Men's Leather Dress Slip-on,"Rs.7,999.00",https://www.servis.pk/collections/men
364,Elegant Slip-on for Men,"Rs.6,999.00",https://www.servis.pk/collections/men
365,Elegant Slip-on for Men,"Rs.6,999.00",https://www.servis.pk/collections/men
366,Elegant Slip-on for Men,"Rs.6,999.00",https://www.servis.pk/collections/men
367,Elegant Slip-on for Men,"Rs.6,999.00",https://www.servis.pk/collections/men
368,Casual Shoes For Men,"Rs.6,999.00",https://www.servis.pk/collections/men
369,Casual Shoes For Men,"Rs.6,999.00",https://www.servis.pk/collections/men
370,Everyday Men's Chappal,"Rs.2,199.00",https://www.servis.pk/collections/men
371,M-SR-0500011-Slides,"Rs.1,999.00",https://www.servis.pk/collections/men
372,M-SR-0500011-Slides,"Rs.1,999.00",https://www.servis.pk/collections/men
373,M-AC-0500013-Slides,"Rs.1,799.00",https://www.servis.pk/collections/men
374,M-AC-0500013-Slides,"Rs.1,799.00",https://www.servis.pk/collections/men
375,Everyday Men's Chappal,"Rs.2,199.00",https://www.servis.pk/collections/men
376,Men's Everyday Chappal,"Rs.2,199.00",https://www.servis.pk/collections/men
377,Men's Everyday Chappal,"Rs.2,199.00",https://www.servis.pk/collections/men
378,M-SR-0400064-Sandal,"Rs.2,299.00",https://www.servis.pk/collections/men
379,M-SR-0400062-Sandal,"Rs.2,499.00",https://www.servis.pk/collections/men
380,M-SR-0400050-Sandal,"Rs.1,699.00",https://www.servis.pk/collections/men
381,Men's Relaxed Fit Chappal,"Rs.2,699.00",https://www.servis.pk/collections/men
382,M-SR-0300098-Chappal,"Rs.2,999.00",https://www.servis.pk/collections/men
383,M-SR-0300093-Chappal,"Rs.1,899.00",https://www.servis.pk/collections/men
384,M-SR-0300081-Chappal,"Rs.2,299.00",https://www.servis.pk/collections/men
385,M-SR-0300070-Chappal,"Rs.2,299.00",https://www.servis.pk/collections/men
386,M-SR-0300066-Chappal,"Rs.1,499.00",https://www.servis.pk/collections/men
387,M-SR-0300066-Chappal,"Rs.1,499.00",https://www.servis.pk/collections/men
388,M-MV-0200514-Formal Shoes,"Rs.3,999.00",https://www.servis.pk/collections/men
389,M-AC-0500014-Chappal,"Rs.1,799.00",https://www.servis.pk/collections/men
390,M-LF-0400210-Sandal,"Rs.2,799.00",https://www.servis.pk/collections/men
391,Men's Strappy Sandals,"Rs.2,999.00",https://www.servis.pk/collections/men
392,Men's Strappy Sandals,"Rs.2,999.00",https://www.servis.pk/collections/men
393,M-SR-0400050-Sandal,"Rs.1,699.00",https://www.servis.pk/collections/men
394,Men's Casual Soft Chappal,"Rs.2,199.00",https://www.servis.pk/collections/men
395,Men's Relaxed Fit Chappal,"Rs.2,699.00",https://www.servis.pk/collections/men
396,M-SR-0300111-Chappal,"Rs.2,199.00",https://www.servis.pk/collections/men
397,M-SR-0300093-Chappal,"Rs.1,899.00",https://www.servis.pk/collections/men
398,M-SR-0300067-Chappal,"Rs.1,799.00",https://www.servis.pk/collections/men
399,M-SR-0300067-Chappal,"Rs.1,799.00",https://www.servis.pk/collections/men
400,M-SR-0300065-Chappal,"Rs.1,499.00",https://www.servis.pk/collections/men
401,M-SR-0300063-Chappal,"Rs.3,699.00",https://www.servis.pk/collections/men
402,M-MV-0200522-Moccs,"Rs.4,499.00",https://www.servis.pk/collections/men
403,M-MV-0200522-Moccs,"Rs.4,499.00",https://www.servis.pk/collections/men
404,M-MV-0200521-Moccs,"Rs.4,499.00",https://www.servis.pk/collections/men
405,M-MV-0200515-Formal Shoes,"Rs.3,999.00",https://www.servis.pk/collections/men
406,M-MV-0200515-Formal Shoes,"Rs.3,999.00",https://www.servis.pk/collections/men
407,M-MV-0200514-Formal Shoes,"Rs.3,999.00",https://www.servis.pk/collections/men
408,M-LF-0400231-Sandal,"Rs.5,499.00",https://www.servis.pk/collections/men
409,M-LF-0400230-Sandal,"Rs.5,499.00",https://www.servis.pk/collections/men
410,M-LF-0400229-Sandal,"Rs.3,499.00",https://www.servis.pk/collections/men
411,M-LF-0400226-Sandal,"Rs.3,199.00",https://www.servis.pk/collections/men
412,M-LF-0400225-Peshawari Chappal,"Rs.3,499.00",https://www.servis.pk/collections/men
413,M-LF-0400221-Peshawari Chappal,"Rs.5,499.00",https://www.servis.pk/collections/men
414,M-CH-0400002-Sandal,"Rs.3,999.00",https://www.servis.pk/collections/men
415,M-CH-0400001-Sandal,"Rs.3,699.00",https://www.servis.pk/collections/men
416,M-CH-0400001-Sandal,"Rs.3,699.00",https://www.servis.pk/collections/men
417,M-CH-0300001-Chappal,"Rs.3,499.00",https://www.servis.pk/collections/men
418,M-AC-0500014-Chappal,"Rs.1,799.00",https://www.servis.pk/collections/men
419,M-AC-0500014-Chappal,"Rs.1,799.00",https://www.servis.pk/collections/men
420,M-AC-0500009-Sandal,"Rs.1,999.00",https://www.servis.pk/collections/men
421,M-AC-0500009-Sandal,"Rs.1,999.00",https://www.servis.pk/collections/men
422,M-AC-0300004-Chappal,"Rs.3,199.00",https://www.servis.pk/collections/men
423,M-SR-0400040-Formal Sandal,"Rs.4,199.00",https://www.servis.pk/collections/men
424,Men's Casual Chappal,"Rs.2,199.00",https://www.servis.pk/collections/men
425,Men's Casual Chappal,"Rs.2,199.00",https://www.servis.pk/collections/men
426,M-SR-0300089-Casual Chappal,"Rs.1,799.00",https://www.servis.pk/collections/men
427,M-SR-0300064-Formal Chappal,"Rs.3,699.00",https://www.servis.pk/collections/men
428,M-DC-0200025-Moccs,"Rs.3,999.00",https://www.servis.pk/collections/men
429,M-SR-0500010-Chappal,Rs.799.00,https://www.servis.pk/collections/men
430,M-SR-0400074-Sandal,"Rs.2,299.00",https://www.servis.pk/collections/men
431,M-SR-0400052-Sandal,"Rs.1,799.00",https://www.servis.pk/collections/men
432,M-SR-0400045-Sandal,"Rs.1,999.00",https://www.servis.pk/collections/men
433,M-SR-0300110-Chappal,"Rs.3,699.00",https://www.servis.pk/collections/men
434,M-SR-0300109-Chappal,"Rs.1,999.00",https://www.servis.pk/collections/men
435,M-SR-0300105-Chappal,"Rs.1,799.00",https://www.servis.pk/collections/men
436,M-SR-0300102-Chappal,"Rs.1,599.00",https://www.servis.pk/collections/men
437,M-SR-0300105-Chappal,"Rs.1,799.00",https://www.servis.pk/collections/men
438,M-SR-0300097-Chappal,"Rs.2,999.00",https://www.servis.pk/collections/men
439,M-SR-0300101-Chappal,"Rs.1,599.00",https://www.servis.pk/collections/men
440,M-SR-0300085-Chappal,"Rs.1,999.00",https://www.servis.pk/collections/men
441,M-SR-0300086-Chappal,"Rs.1,999.00",https://www.servis.pk/collections/men
442,M-SR-0300084-Chappal,"Rs.3,199.00",https://www.servis.pk/collections/men
443,M-SR-0300068-Chappal,"Rs.1,499.00",https://www.servis.pk/collections/men
444,M-SR-0300064-Chappal,"Rs.3,699.00",https://www.servis.pk/collections/men
445,M-SR-0300063-Chappal,"Rs.3,699.00",https://www.servis.pk/collections/men
446,M-LF-0400229-Sandal,"Rs.3,499.00",https://www.servis.pk/collections/men
447,M-LF-0400224-Sandal,"Rs.3,999.00",https://www.servis.pk/collections/men
448,M-LF-0300200-Chappal,"Rs.2,799.00",https://www.servis.pk/collections/men
449,M-LF-0300200-Chappal,"Rs.2,799.00",https://www.servis.pk/collections/men
450,M-LF-0300199-Chappal,"Rs.3,199.00",https://www.servis.pk/collections/men
451,M-AC-0500007-Chappal,"Rs.1,999.00",https://www.servis.pk/collections/men
452,M-AC-0500006-Chappal,"Rs.1,799.00",https://www.servis.pk/collections/men
453,M-AC-0500005-Chappal,"Rs.1,799.00",https://www.servis.pk/collections/men
454,M-SR-0400075-Sandal,"Rs.2,199.00",https://www.servis.pk/collections/men
455,M-SR-0400073-Sandal,"Rs.2,699.00",https://www.servis.pk/collections/men
456,M-SR-0400073-Sandal,"Rs.2,699.00",https://www.servis.pk/collections/men
457,M-SR-0400071-Sandal,"Rs.3,199.00",https://www.servis.pk/collections/men
458,M-SR-0400071-Sandal,"Rs.3,199.00",https://www.servis.pk/collections/men
459,M-SR-0400066-Sandal,"Rs.3,199.00",https://www.servis.pk/collections/men
460,M-SR-0400066-Sandal,"Rs.3,199.00",https://www.servis.pk/collections/men
461,M-SR-0400062-Sandal,"Rs.2,499.00",https://www.servis.pk/collections/men
462,M-SR-0400061-Sandal,"Rs.3,199.00",https://www.servis.pk/collections/men
463,M-SR-0400048-Sandal,"Rs.1,499.00",https://www.servis.pk/collections/men
464,M-SR-0400047-Sandal,"Rs.1,999.00",https://www.servis.pk/collections/men
465,M-SR-0400046-Sandal,"Rs.1,799.00",https://www.servis.pk/collections/men
466,Men's Peshawari Chappal,"Rs.1,999.00",https://www.servis.pk/collections/men
467,M-SR-0400044-Sandal,"Rs.2,499.00",https://www.servis.pk/collections/men
468,M-SR-0400044-Sandal,"Rs.2,499.00",https://www.servis.pk/collections/men
469,M-SR-0300107-Chappal,"Rs.1,499.00",https://www.servis.pk/collections/men
470,M-SR-0300107-Chappal,"Rs.1,499.00",https://www.servis.pk/collections/men
471,M-SR-0300106-Chappal,"Rs.1,299.00",https://www.servis.pk/collections/men
472,M-SR-0300106-Chappal,"Rs.1,299.00",https://www.servis.pk/collections/men
473,M-SR-0300102-Chappal,"Rs.1,599.00",https://www.servis.pk/collections/men
474,M-SR-0300100-Chappal,"Rs.1,999.00",https://www.servis.pk/collections/men
475,M-SR-0300100-Chappal,"Rs.1,999.00",https://www.servis.pk/collections/men
476,M-SR-0300099-Chappal,"Rs.2,999.00",https://www.servis.pk/collections/men
477,M-SR-0300099-Chappal,"Rs.2,999.00",https://www.servis.pk/collections/men
478,M-SR-0300098-Chappal,"Rs.2,999.00",https://www.servis.pk/collections/men
479,M-SR-0300097-Chappal,"Rs.2,999.00",https://www.servis.pk/collections/men
480,M-SR-0300092-Chappal,"Rs.1,399.00",https://www.servis.pk/collections/men
481,M-SR-0300092-Chappal,"Rs.1,399.00",https://www.servis.pk/collections/men
482,M-SR-0300089-Chappal,"Rs.1,799.00",https://www.servis.pk/collections/men
483,M-SR-0300088-Chappal,"Rs.2,799.00",https://www.servis.pk/collections/men
484,M-SR-0300088-Chappal,"Rs.2,799.00",https://www.servis.pk/collections/men
485,M-SR-0300086-Chappal,"Rs.1,999.00",https://www.servis.pk/collections/men
486,M-SR-0300085-Chappal,"Rs.1,999.00",https://www.servis.pk/collections/men
487,M-SR-0300084-Chappal,"Rs.3,199.00",https://www.servis.pk/collections/men
488,M-SR-0300081-Chappal,"Rs.2,299.00",https://www.servis.pk/collections/men
489,M-SR-0300075-Chappal,"Rs.2,999.00",https://www.servis.pk/collections/men
490,M-SR-0300075-Chappal,"Rs.2,999.00",https://www.servis.pk/collections/men
491,M-SR-0300072-Chappal,"Rs.1,999.00",https://www.servis.pk/collections/men
492,M-SR-0300072-Chappal,"Rs.1,999.00",https://www.servis.pk/collections/men
493,M-SR-0300070-Chappal,"Rs.2,299.00",https://www.servis.pk/collections/men
494,M-SR-0300069-Chappal,"Rs.1,599.00",https://www.servis.pk/collections/men
495,M-SR-0300069-Chappal,"Rs.1,599.00",https://www.servis.pk/collections/men
496,M-SR-0300068-Chappal,"Rs.1,499.00",https://www.servis.pk/collections/men
497,M-SR-0300065-Chappal,"Rs.1,499.00",https://www.servis.pk/collections/men
498,M-LF-0400233-Sandal,"Rs.3,699.00",https://www.servis.pk/collections/men
499,M-LF-0400233-Sandal,"Rs.3,699.00",https://www.servis.pk/collections/men
500,M-LF-0400228-Sandal,"Rs.5,499.00",https://www.servis.pk/collections/men
501,M-LF-0400228-Sandal,"Rs.5,499.00",https://www.servis.pk/collections/men
502,M-LF-0400225-Peshawari Chappal,"Rs.3,499.00",https://www.servis.pk/collections/men
503,M-LF-0300201-Chappal,"Rs.3,499.00",https://www.servis.pk/collections/men
504,M-LF-0300201-Chappal,"Rs.3,499.00",https://www.servis.pk/collections/men
505,M-LF-0300199-Chappal,"Rs.3,199.00",https://www.servis.pk/collections/men
506,M-LF-0300198-Chappal,"Rs.4,999.00",https://www.servis.pk/collections/men
507,M-LF-0300198-Chappal,"Rs.4,999.00",https://www.servis.pk/collections/men
508,M-LF-0300194-Formal Chappal,"Rs.2,999.00",https://www.servis.pk/collections/men
509,M-AC-0500012-Chappal,"Rs.2,199.00",https://www.servis.pk/collections/men
510,M-AC-0500012-Chappal,"Rs.2,199.00",https://www.servis.pk/collections/men
511,M-AC-0500011-Chappal,"Rs.2,199.00",https://www.servis.pk/collections/men
512,M-AC-0500011-Chappal,"Rs.2,199.00",https://www.servis.pk/collections/men
513,M-AC-0500010-Chappal,"Rs.2,199.00",https://www.servis.pk/collections/men
514,M-AC-0500010-Chappal,"Rs.2,199.00",https://www.servis.pk/collections/men
515,M-SR-0500008-Chappal,Rs.999.00,https://www.servis.pk/collections/men
516,M-SR-0500007-Chappal,"Rs.1,499.00",https://www.servis.pk/collections/men
517,M-SR-0500004-Chappal,Rs.699.00,https://www.servis.pk/collections/men
518,M-SR-0500004-Chappal,Rs.699.00,https://www.servis.pk/collections/men
519,M-SR-0400068-Sandal,"Rs.3,199.00",https://www.servis.pk/collections/men
520,M-SR-0400068-Casual Sandal,"Rs.3,199.00",https://www.servis.pk/collections/men
521,M-SR-0400067-Sandal,"Rs.3,499.00",https://www.servis.pk/collections/men
522,M-SR-0400067-Sandal,"Rs.3,499.00",https://www.servis.pk/collections/men
523,M-SR-0400059-Sandal,"Rs.2,199.00",https://www.servis.pk/collections/men
524,M-SR-0400059-Sandal,"Rs.2,199.00",https://www.servis.pk/collections/men
525,M-SR-0400054-Sandal,"Rs.1,699.00",https://www.servis.pk/collections/men
526,M-SR-0400054-Sandal,"Rs.1,699.00",https://www.servis.pk/collections/men
527,M-SR-0300109-Chappal,"Rs.1,999.00",https://www.servis.pk/collections/men
528,M-SR-0300108-Casual Chappal,"Rs.1,999.00",https://www.servis.pk/collections/men
529,M-SR-0300108-Chappal,"Rs.1,999.00",https://www.servis.pk/collections/men
530,M-SR-0300079-Chappal,"Rs.2,999.00",https://www.servis.pk/collections/men
531,M-SR-0300079-Chappal,"Rs.2,999.00",https://www.servis.pk/collections/men
532,M-SR-0300077-Chappal,"Rs.1,999.00",https://www.servis.pk/collections/men
533,M-SR-0300077-Chappal,"Rs.1,999.00",https://www.servis.pk/collections/men
534,M-LF-0400224-Peshawari Chappal,"Rs.3,999.00",https://www.servis.pk/collections/men
535,M-LF-0400223-Peshawari Chappal,"Rs.3,499.00",https://www.servis.pk/collections/men
536,M-LF-0400223-Peshawari Chappal,"Rs.3,499.00",https://www.servis.pk/collections/men
537,M-CH-0400002-Sandal,"Rs.3,999.00",https://www.servis.pk/collections/men
538,M-CH-0300001-Chappal,"Rs.3,499.00",https://www.servis.pk/collections/men
539,M-AC-0500007-Chappal,"Rs.1,999.00",https://www.servis.pk/collections/men
540,M-AC-0500006-Slippers,"Rs.1,799.00",https://www.servis.pk/collections/men
541,M-AC-0500005-Slippers,"Rs.1,799.00",https://www.servis.pk/collections/men
542,M-AC-0300004-Casual Chappal,"Rs.3,199.00",https://www.servis.pk/collections/men
543,M-AC-0300003-Chappal,"Rs.3,199.00",https://www.servis.pk/collections/men
544,M-AC-0300003-Chappal,"Rs.3,199.00",https://www.servis.pk/collections/men
545,M-DC-4100-Men Leather Shoes,"Rs.6,499.00",https://www.servis.pk/collections/men
546,M-DC-0200037-Formal Shoes,"Rs.6,499.00",https://www.servis.pk/collections/men
547,M-DC-0250001-Rugged Shoes,"Rs.6,499.00",https://www.servis.pk/collections/men
548,M-DC-0200037-Formal Shoes,"Rs.6,499.00",https://www.servis.pk/collections/men
549,M-DC-0200036-Formal Shoes,"Rs.6,499.00",https://www.servis.pk/collections/men
550,M-DC-0250003-Rugged Shoes,"Rs.6,999.00",https://www.servis.pk/collections/men
551,M-DC-0250003-Rugged Shoes,"Rs.6,999.00",https://www.servis.pk/collections/men
552,M-DC-0200038-Formal Shoes,"Rs.6,499.00",https://www.servis.pk/collections/men
553,M-DC-0200038-Formal Shoes,"Rs.6,499.00",https://www.servis.pk/collections/men
554,Men's Classic Sneakers,"Rs.4,199.00",https://www.servis.pk/collections/men
555,Men's Sporty Sneakers,"Rs.5,499.00",https://www.servis.pk/collections/men
556,M-MV-0200504-Boots,"Rs.3,699.00",https://www.servis.pk/collections/men
557,M-SR-0350026-Formal Chappal,"Rs.2,999.00",https://www.servis.pk/collections/men
558,M-SR-0300053-Formal Chappal,"Rs.2,999.00",https://www.servis.pk/collections/men
559,M-SR-0300002-Casual Chappal,"Rs.1,499.00",https://www.servis.pk/collections/men
560,M-LF-0400218-Formal Sandal,"Rs.3,199.00",https://www.servis.pk/collections/men
561,M-LF-0400215-Peshawari Chappal,"Rs.4,999.00",https://www.servis.pk/collections/men
562,M-LF-0400216-Peshawari Chappal,"Rs.4,999.00",https://www.servis.pk/collections/men
563,M-LF-0400199-Peshawari Chappal,"Rs.4,999.00",https://www.servis.pk/collections/men
564,M-KL-0450100-Casual Sandal,"Rs.3,199.00",https://www.servis.pk/collections/men
565,M-KL-0300168-Casual Chappal,"Rs.1,799.00",https://www.servis.pk/collections/men
566,M-SR-0500005- Chappal,"Rs.1,999.00",https://www.servis.pk/collections/men
567,M-SR-0500005- Chappal,"Rs.1,999.00",https://www.servis.pk/collections/men
568,M-SR-0500005- Chappal,"Rs.1,999.00",https://www.servis.pk/collections/men
569,M-SR-0500003- Chappal,"Rs.1,499.00",https://www.servis.pk/collections/men
570,M-SR-0500003- Chappal,"Rs.1,499.00",https://www.servis.pk/collections/men
571,M-MV-0200510-Moccs,"Rs.3,499.00",https://www.servis.pk/collections/men
572,M-MV-0200510-Moccs,"Rs.3,499.00",https://www.servis.pk/collections/men
573,M-MV-0200494-Moccs,"Rs.2,499.00",https://www.servis.pk/collections/men
574,M-LF-0300193- Formal Chappal,"Rs.3,499.00",https://www.servis.pk/collections/men
575,M-LF-0300193- Formal Chappal,"Rs.3,499.00",https://www.servis.pk/collections/men
576,M-KL-0350145- Casual Chappal,"Rs.1,799.00",https://www.servis.pk/collections/men
577,M-KL-0350145- Casual Chappal,"Rs.1,799.00",https://www.servis.pk/collections/men
578,M-KL-0350144- Casual Chappal,"Rs.1,799.00",https://www.servis.pk/collections/men
579,M-LF-0400220- Casual Sandal,"Rs.3,199.00",https://www.servis.pk/collections/men
580,M-LF-0400220- Casual Sandal,"Rs.3,199.00",https://www.servis.pk/collections/men
581,M-SR-0300042-Formal Chappal,"Rs.2,999.00",https://www.servis.pk/collections/men
582,M-SR-0300060- Casual Chappal,"Rs.1,299.00",https://www.servis.pk/collections/men
583,M-SR-0300060- Casual Chappal,"Rs.1,299.00",https://www.servis.pk/collections/men
584,M-SR-0400018-Formal Sandal,"Rs.1,799.00",https://www.servis.pk/collections/men
585,M-SR-0400018-Formal Sandal,"Rs.1,799.00",https://www.servis.pk/collections/men
586,M-SR-0300027-Casual Chappal,"Rs.1,999.00",https://www.servis.pk/collections/men
587,M-SR-0300027-Casual Chappal,"Rs.1,999.00",https://www.servis.pk/collections/men
588,M-SR-0300025-Casual Chappal,"Rs.1,999.00",https://www.servis.pk/collections/men
589,M-SR-0300025-Casual Chappal,"Rs.1,999.00",https://www.servis.pk/collections/men
590,M-KL-0550032-Chappal,Rs.699.00,https://www.servis.pk/collections/men
591,M-KL-0550032-Chappal,Rs.699.00,https://www.servis.pk/collections/men
592,M-AC-0500004-Chappal,"Rs.2,499.00",https://www.servis.pk/collections/men
593,M-AC-0500004-Chappal,"Rs.2,499.00",https://www.servis.pk/collections/men
594,M-AC-0500003-Chappal,"Rs.2,199.00",https://www.servis.pk/collections/men
595,M-AC-0500003-Chappal,"Rs.2,199.00",https://www.servis.pk/collections/men
596,M-SR-0300006-Formal Chappal,"Rs.1,399.00",https://www.servis.pk/collections/men
597,M-SR-0350012-Casual Chappal,"Rs.1,199.00",https://www.servis.pk/collections/men
598,M-SR-0350012- Casual Chappal,"Rs.1,199.00",https://www.servis.pk/collections/men
599,M-SR-0350006-Casual Shoes,"Rs.1,299.00",https://www.servis.pk/collections/men
600,M-SR-0350006-Casual Chappal,"Rs.1,299.00",https://www.servis.pk/collections/men
601,M-LF-0400213-Formal Sandal,"Rs.5,499.00",https://www.servis.pk/collections/men
602,M-LF-0400213-Formal Sandal,"Rs.5,499.00",https://www.servis.pk/collections/men
603,M-SR-0300015-Formal Chappal,"Rs.2,999.00",https://www.servis.pk/collections/men
604,M-SR-0300015-Formal Chappal,"Rs.2,999.00",https://www.servis.pk/collections/men
605,M-SR-0300016-Formal Chappal,"Rs.2,999.00",https://www.servis.pk/collections/men
606,M-SR-0300016-Formal Chappal,"Rs.2,999.00",https://www.servis.pk/collections/men
607,M-LF-0300184-Casual Chappal,"Rs.4,999.00",https://www.servis.pk/collections/men
608,M-SR-0400022-Peshawri Sandal,"Rs.2,299.00",https://www.servis.pk/collections/men
609,M-SR-0400022-Peshawri Sandal,"Rs.2,299.00",https://www.servis.pk/collections/men
610,M-SR-0400021-Peshawri Sandal,"Rs.2,299.00",https://www.servis.pk/collections/men
611,M-SR-0400021-Peshawri Sandal,"Rs.2,299.00",https://www.servis.pk/collections/men
612,M-LF-0400216-Peshawri Sandal,"Rs.4,999.00",https://www.servis.pk/collections/men
613,M-LF-0400215-Peshawri Sandal,"Rs.4,999.00",https://www.servis.pk/collections/men
614,M-SR-0400027-Men Sandal,"Rs.1,999.00",https://www.servis.pk/collections/men
615,M-SR-0400027-Men Sandal,"Rs.1,999.00",https://www.servis.pk/collections/men
616,M-SR-0400017-Men Sandal,"Rs.1,599.00",https://www.servis.pk/collections/men
617,M-SR-0400017-Men Sandal,"Rs.1,599.00",https://www.servis.pk/collections/men
618,M-SR-0400012-Men Sandal,"Rs.2,499.00",https://www.servis.pk/collections/men
619,M-SR-0400012-Men Sandal,"Rs.2,499.00",https://www.servis.pk/collections/men
620,M-AC-0400003-Men Sandal,"Rs.3,699.00",https://www.servis.pk/collections/men
621,M-AC-0400003-Men Sandal,"Rs.3,699.00",https://www.servis.pk/collections/men
622,M-AC-0400002-Men Sandal,"Rs.3,699.00",https://www.servis.pk/collections/men
623,M-AC-0400002-Men Sandal,"Rs.3,699.00",https://www.servis.pk/collections/men
624,M-AC-0400001-Men Sandal,"Rs.3,699.00",https://www.servis.pk/collections/men
625,M-AC-0400001-Men Sandal,"Rs.3,699.00",https://www.servis.pk/collections/men
626,M-AC-0400001-Men Sandal,"Rs.3,699.00",https://www.servis.pk/collections/men
627,M-SR-0400023-Men Sandal,"Rs.1,799.00",https://www.servis.pk/collections/men
628,M-SR-0400023-Men Sandal,"Rs.1,799.00",https://www.servis.pk/collections/men
629,M-SR-0300054-Men Chappal,"Rs.2,999.00",https://www.servis.pk/collections/men
630,M-SR-0300054-Men Chappal,"Rs.2,999.00",https://www.servis.pk/collections/men
631,M-SR-0300053-Men Chappal,"Rs.2,999.00",https://www.servis.pk/collections/men
632,M-SR-0300047-Men Chappal,"Rs.1,799.00",https://www.servis.pk/collections/men
633,M-SR-0300047-Men Chappal,"Rs.1,799.00",https://www.servis.pk/collections/men
634,M-SR-0300044-Men Chappal,"Rs.1,499.00",https://www.servis.pk/collections/men
635,M-SR-0300044-Men Chappal,"Rs.1,499.00",https://www.servis.pk/collections/men
636,M-SR-0300043-Men Chappal,"Rs.1,499.00",https://www.servis.pk/collections/men
637,M-SR-0300043-Men Chappal,"Rs.1,499.00",https://www.servis.pk/collections/men
638,M-SR-0300040-Men Chappal,"Rs.1,899.00",https://www.servis.pk/collections/men
639,M-SR-0300040-Men Chappal,"Rs.1,899.00",https://www.servis.pk/collections/men
640,M-SR-0300035-Men Chappal,"Rs.1,399.00",https://www.servis.pk/collections/men
641,M-SR-0300035-Men Chappal,"Rs.1,399.00",https://www.servis.pk/collections/men
642,M-SR-0300034-Men Chappal,"Rs.1,399.00",https://www.servis.pk/collections/men
643,M-SR-0300031-Men Chappal,"Rs.1,499.00",https://www.servis.pk/collections/men
644,M-SR-0300031-Men Chappal,"Rs.1,499.00",https://www.servis.pk/collections/men
645,M-SR-0300030-Men Chappal,"Rs.1,499.00",https://www.servis.pk/collections/men
646,M-SR-0300030-Men Chappal,"Rs.1,499.00",https://www.servis.pk/collections/men
647,M-SR-0300028-Men Chappal,"Rs.1,999.00",https://www.servis.pk/collections/men
648,M-SR-0300028-Men Chappal,"Rs.1,999.00",https://www.servis.pk/collections/men
649,M-SR-0300024-Men Chappal,"Rs.3,299.00",https://www.servis.pk/collections/men
650,M-SR-0300024-Men Chappal,"Rs.3,299.00",https://www.servis.pk/collections/men
651,M-LF-0400218-Men Sandal,"Rs.3,199.00",https://www.servis.pk/collections/men
652,M-SR-0550003,Rs.699.00,https://www.servis.pk/collections/men
653,M-LF-0400204- Leather Peshawari,"Rs.4,999.00",https://www.servis.pk/collections/men
654,M-LF-0400204- Leather Peshawari,"Rs.4,999.00",https://www.servis.pk/collections/men
655,M-KL-0550028,Rs.699.00,https://www.servis.pk/collections/men
656,M-KL-0550028,Rs.699.00,https://www.servis.pk/collections/men
657,M-SR-0450015-Men Ccomfortable Sandal,"Rs.3,199.00",https://www.servis.pk/collections/men
658,M-SR-0450015-Men Ccomfortable Sandal,"Rs.3,199.00",https://www.servis.pk/collections/men
659,M-SR-0450003-Peshawari Sandal,"Rs.1,999.00",https://www.servis.pk/collections/men
660,M-SR-0450003-Peshawari Sandal,"Rs.1,999.00",https://www.servis.pk/collections/men
661,M-SR-0450002-Men Sandal,"Rs.2,199.00",https://www.servis.pk/collections/men
662,M-SR-0450002-Men Sandal,"Rs.2,199.00",https://www.servis.pk/collections/men
663,M-SR-0400002-Peshawari Sandal,"Rs.2,699.00",https://www.servis.pk/collections/men
664,M-SR-0400002-Peshawari Sandal,"Rs.2,699.00",https://www.servis.pk/collections/men
665,M-SR-0350026-Men comfortable Chappal,"Rs.2,999.00",https://www.servis.pk/collections/men
666,M-SR-0350022-Men Comfortable Chappal,"Rs.1,999.00",https://www.servis.pk/collections/men
667,M-SR-0350022-Men Comfortable Chappal,"Rs.1,999.00",https://www.servis.pk/collections/men
668,M-SR-0350010-Men Trendy Chappal,"Rs.1,499.00",https://www.servis.pk/collections/men
669,M-SR-0350010-Men Trendy Chappal,"Rs.1,499.00",https://www.servis.pk/collections/men
670,M-SR-0350007-Men Trendy Chappal,"Rs.1,899.00",https://www.servis.pk/collections/men
671,M-SR-0350007-Men Trendy Chappal,"Rs.1,899.00",https://www.servis.pk/collections/men
672,M-SR-0350003-Men Trendy Chappal,"Rs.1,899.00",https://www.servis.pk/collections/men
673,M-SR-0350003-Men Trendy Chappal,"Rs.1,899.00",https://www.servis.pk/collections/men
674,M-SR-0300002-Men Trendy Chappals,"Rs.1,499.00",https://www.servis.pk/collections/men
675,M-LF-0400202- Leather Peshawari,"Rs.3,199.00",https://www.servis.pk/collections/men
676,M-LF-0400202- Leather Peshawari,"Rs.3,199.00",https://www.servis.pk/collections/men
677,M-LF-0400199- Leather Peshawari,"Rs.4,999.00",https://www.servis.pk/collections/men
678,M-LF-0300179-Men Trendy Chappal,"Rs.4,999.00",https://www.servis.pk/collections/men
679,M-LF-0300179-Men Trendy Chappal,"Rs.4,999.00",https://www.servis.pk/collections/men
680,M-KL-0450089-Men Trendy Sandal,"Rs.1,599.00",https://www.servis.pk/collections/men
681,M-KL-0450089-Men Trendy Sandal,"Rs.1,599.00",https://www.servis.pk/collections/men
682,M-KL-0350067-Men Comfortable Chappal,"Rs.2,999.00",https://www.servis.pk/collections/men
683,M-KL-0350067-Men Comfortable Chappal,"Rs.2,999.00",https://www.servis.pk/collections/men
684,M-KL-0300088-Men Trendy Chappal,"Rs.1,599.00",https://www.servis.pk/collections/men
685,M-KL-0300088-Men Trendy Chappal,"Rs.1,599.00",https://www.servis.pk/collections/men
686,M-KL-0350159-Men Trendy,"Rs.1,399.00",https://www.servis.pk/collections/men
687,M-KL-0350159-Men Trendy,"Rs.1,399.00",https://www.servis.pk/collections/men
688,M-KL-0450100- Men Casual Sandals,"Rs.3,199.00",https://www.servis.pk/collections/men
689,M-LF-0400156-Men Comfortable Sandals,"Rs.5,499.00",https://www.servis.pk/collections/men
690,M-LF-0400156-Men Comfortable Sandals,"Rs.5,499.00",https://www.servis.pk/collections/men
691,M-KL-0300168-Men Trendy Chappal,"Rs.1,799.00",https://www.servis.pk/collections/men
692,M-KL-0450101-Peshawari Sandal,"Rs.2,699.00",https://www.servis.pk/collections/men
693,M-KL-0300120-Men Trendy Chappal,"Rs.1,599.00",https://www.servis.pk/collections/men
694,M-KL-0300065-Men Trendy Chappal,"Rs.1,999.00",https://www.servis.pk/collections/men
695,M-KL-0450101-Peshawari Sandal,"Rs.2,699.00",https://www.servis.pk/collections/men
696,M-KL-0500013-Men Washable Chappal,"Rs.2,199.00",https://www.servis.pk/collections/men
697,M-KL-0500013-Men Washable Chappal,"Rs.2,199.00",https://www.servis.pk/collections/men
698,M-KL-0500013-Men Washable Chappal,"Rs.2,199.00",https://www.servis.pk/collections/men
699,M-KL-0300120-Men Trendy Chappal,"Rs.1,599.00",https://www.servis.pk/collections/men
700,M-KL-0400127- Men Sandal,"Rs.1,499.00",https://www.servis.pk/collections/men
701,M-KL-0400127,"Rs.1,499.00",https://www.servis.pk/collections/men
702,M-KL-0300065-Men Trendy Chappal,"Rs.1,999.00",https://www.servis.pk/collections/men
703,M-KL-0400067-Peshawari Sandal,"Rs.1,599.00",https://www.servis.pk/collections/men
704,M-KL-0400067-Peshawari Sandal,"Rs.1,599.00",https://www.servis.pk/collections/men
705,M-KL-0350131-Men Trendy Chappal,"Rs.1,399.00",https://www.servis.pk/collections/men
706,M-KL-0350131-Men Trendy Chappal,"Rs.1,399.00",https://www.servis.pk/collections/men
0,Stylish Sneakers For Men,"Rs.4,999.00",https://www.servis.pk/collections/cheetah
1,Men's Lace-up Sneakers,"Rs.4,699.00",https://www.servis.pk/collections/cheetah
2,Men's Lace-up Sneakers,"Rs.4,699.00",https://www.servis.pk/collections/cheetah
3,Mens Classic Casual Sneakers,"Rs.5,499.00",https://www.servis.pk/collections/cheetah
4,Men's Lace-up Performance Sneakers,"Rs.5,499.00",https://www.servis.pk/collections/cheetah
5,Men's Lace-up Performance Sneakers,"Rs.5,499.00",https://www.servis.pk/collections/cheetah
6,Men's Comfy Classic Sneakers,"Rs.4,199.00",https://www.servis.pk/collections/cheetah
7,Men's Everyday Sneakers,"Rs.4,199.00",https://www.servis.pk/collections/cheetah
8,Men's Anti-Slip Sneakers,"Rs.2,999.00",https://www.servis.pk/collections/cheetah
9,Casual Sneakers For Men,"Rs.4,499.00",https://www.servis.pk/collections/cheetah
10,Casual Sneakers For Men,"Rs.4,499.00",https://www.servis.pk/collections/cheetah
11,Men's Anti-Slip Sneakers,"Rs.3,999.00",https://www.servis.pk/collections/cheetah
12,Men's Anti-Slip Sneakers,"Rs.3,999.00",https://www.servis.pk/collections/cheetah
13,Lace-up Sneakers for Men,"Rs.4,199.00",https://www.servis.pk/collections/cheetah
14,Men's Everyday Sneakers,"Rs.4,199.00",https://www.servis.pk/collections/cheetah
15,Stylish Sneakers For Men,"Rs.4,999.00",https://www.servis.pk/collections/cheetah
16,Stylish Lightweight Sneakers for Men,"Rs.5,499.00",https://www.servis.pk/collections/cheetah
17,M-CH-0100277-Cheetah,"Rs.4,199.00",https://www.servis.pk/collections/cheetah
18,Men's Chunky Sneakers,"Rs.4,699.00",https://www.servis.pk/collections/cheetah
19,Men's Chunky Sneakers,"Rs.4,699.00",https://www.servis.pk/collections/cheetah
20,Men's Stylish Sneakers,"Rs.5,499.00",https://www.servis.pk/collections/cheetah
21,Men's Flyknit Sneakers,"Rs.5,499.00",https://www.servis.pk/collections/cheetah
22,Men's Everyday Sneakers,"Rs.5,499.00",https://www.servis.pk/collections/cheetah
23,Men's Everyday Sneakers,"Rs.5,499.00",https://www.servis.pk/collections/cheetah
24,Men's Comfort Sneakers,"Rs.4,199.00",https://www.servis.pk/collections/cheetah
25,Women's Classic Sneakers,"Rs.3,699.00",https://www.servis.pk/collections/cheetah
26,Men's Comfy Sneakers,"Rs.4,199.00",https://www.servis.pk/collections/cheetah
27,Kids Smart Sneakers,"Rs.3,799.00",https://www.servis.pk/collections/cheetah
28,Kids Classic Sneakers,"Rs.3,799.00",https://www.servis.pk/collections/cheetah
29,Sports Sneakers For Men,"Rs.4,199.00",https://www.servis.pk/collections/cheetah
30,Sports Sneakers For Men,"Rs.4,199.00",https://www.servis.pk/collections/cheetah
31,Men's Comfy Sneakers,"Rs.4,199.00",https://www.servis.pk/collections/cheetah
32,Men's Classic Sneakers,"Rs.4,199.00",https://www.servis.pk/collections/cheetah
33,Men's Classic Sneakers,"Rs.4,199.00",https://www.servis.pk/collections/cheetah
34,Men's Sporty Sneakers,"Rs.5,499.00",https://www.servis.pk/collections/cheetah
35,Men's Classic Sneakers,"Rs.4,199.00",https://www.servis.pk/collections/cheetah
36,Men's Sporty Sneakers,"Rs.5,499.00",https://www.servis.pk/collections/cheetah
37,Men's Sporty Sneakers,"Rs.5,499.00",https://www.servis.pk/collections/cheetah
38,Men's Lace-up Sneakers,"Rs.3,299.00",https://www.servis.pk/collections/cheetah
39,Men's Lace-up Sneakers,"Rs.3,299.00",https://www.servis.pk/collections/cheetah
40,Men's Trendy Slip on Sneakers,"Rs.3,199.00",https://www.servis.pk/collections/cheetah
41,Men's Trendy Slip on Sneakers,"Rs.3,199.00",https://www.servis.pk/collections/cheetah
42,Men's Trendy Slip on Sneakers,"Rs.3,199.00",https://www.servis.pk/collections/cheetah
43,Everyday sneakers for Men,"Rs.4,499.00",https://www.servis.pk/collections/cheetah
44,Men's Slip-on Sneakers,"Rs.2,799.00",https://www.servis.pk/collections/cheetah
45,Men's Slip-on Sneakers,"Rs.2,799.00",https://www.servis.pk/collections/cheetah
46,Youth Stylish Sneakers,"Rs.3,699.00",https://www.servis.pk/collections/cheetah
47,Boy's dailywear sneakers,"Rs.3,199.00",https://www.servis.pk/collections/cheetah
48,Boy's dailywear sneakers,"Rs.3,199.00",https://www.servis.pk/collections/cheetah
49,Women's Everyday Slip-ons,"Rs.2,999.00",https://www.servis.pk/collections/cheetah
50,Everyday sneakers for Men,"Rs.4,499.00",https://www.servis.pk/collections/cheetah
51,Men's Stylish Sneakers,"Rs.7,499.00",https://www.servis.pk/collections/cheetah
52,Men's All-day Sneakers,"Rs.7,499.00",https://www.servis.pk/collections/cheetah
53,Men's Trendy Slip on Sneakers,"Rs.3,199.00",https://www.servis.pk/collections/cheetah
54,Men's Smart Sporty Sneakers,"Rs.4,499.00",https://www.servis.pk/collections/cheetah
55,Men's All-day Sneakers,"Rs.7,499.00",https://www.servis.pk/collections/cheetah
